{"cameraMode":{"drawMode":0,"name":"Shaded","section":"Shading Mode"},"sceneLighting":false,"audioPlay":false,"sceneViewState":{"m_AlwaysRefresh":false,"showFog":true,"showSkybox":false,"showFlares":true,"showImageEffects":true,"showParticleSystems":true,"showVisualEffectGraphs":true,"m_FxEnabled":true},"in2DMode":false,"pivot":{"x":-0.04846310615539551,"y":0.9117918014526367,"z":-0.08225779980421066},"rotation":{"x":0.25348207354545596,"y":-0.6664645671844482,"z":0.26243433356285097,"w":0.6503140330314636},"size":1.841439127922058,"orthographic":false}